Model,R2,Adjusted R2,MAE,MSE
XGBoost,0.7374142034921094,0.7371207075634025,2.9556392892969168,30.179876282563736
